{"accuracy": 0.52, "precision": 0.5104380014086283, "recall": 0.5144275922166168, "f1": 0.5061802553670878, "loss": 1.185261162519455, "examples_seen": 2416, "_step": 3, "_runtime": 81, "_timestamp": 1611660445}